population,fertility,HIV,CO2,BMI_male,GDP,BMI_female,child_mortality,Poli.1,Poli.2,Poli.3,Poli.4,Poli.5,Poli.6,Poli.7,Poli.8,Poli.9,Poli.10,Poli.11,Poli.12,Poli.13,Poli.14,Poli.15,Poli.16,Poli.17,Poli.18,Poli.19,Poli.20,Poli.21,Poli.22,Poli.23,Poli.24,Poli.25,Poli.26,Poli.27,Poli.28,Poli.29,life
1.0,34811059.0,2.73,0.1,3.328944661018629,24.5962,12314.0,129.9049,29.5,95034191.07,3481105.9000000004,115884089.00245449,856219769.3758,428663380526.0,4522127138.2891,1026926240.5,0.273,9.088018924580858,67.147626,33617.22,354.640377,80.535,0.3328944661018629,2.45962,1231.4,12.990490000000001,2.95,81.8793886713464,40992.6245557834,432.4462232951589,98.20386750004955,302877.6068,3195.1669013799997,725.5879,1599648.9386,363263.0,3832.19455,75.3
1.0,19842251.0,6.43,2.0,1.4743533878509398,22.25083,7103.0,130.1247,192.0,127585673.92999999,39684502.0,29254489.9844387,441506553.81833,140939508853.0,2581966958.6997,3809712192.0,12.86,9.480092283881543,143.0728369,45672.29,836.7018209999999,1234.56,2.9487067757018797,44.50166,14206.0,260.2494,384.0,32.805586592995326,10472.332113905226,191.84979228808717,283.07585046738046,158047.64549,2895.382578501,4272.15936,924275.7440999999,1363776.0,24983.9424,58.3
1.0,40381860.0,2.24,0.5,4.78516998252535,27.5017,14646.0,118.8915,15.4,90455366.4,20190930.0,193234064.31054112,1110569799.162,591432721560.0,4801059908.19,621880644.0,1.12,10.718780760856784,61.60380800000001,32807.04,266.31696,34.496,2.392584991262675,13.75085,7323.0,59.44575,7.7,131.60030930841742,70083.59956406627,568.9160369774125,73.69161773089039,402789.8982,3269.71836555,423.52618,1741284.909,225548.4,1830.9290999999998,75.5
1.0,2975029.0,1.4,0.1,1.8041062172001,25.35542,7383.0,132.8108,20.0,4165040.5999999996,297502.9,5367268.315250596,75433109.80718,21964639107.0,395115981.5132,59500580.0,0.13999999999999999,2.5257487040801396,35.49758799999999,10336.199999999999,185.93511999999998,28.0,0.18041062172001,2.535542,738.3000000000001,13.281080000000001,2.0,45.743870861719756,13319.716201588337,239.60478999131902,36.082124344002,187199.06586,3367.473614536,507.10839999999996,980542.1364,147660.0,2656.216,72.5
1.0,21370348.0,1.96,0.1,18.0163132681972,27.56373,41312.0,117.3755,5.2,41885882.08,2137034.8000000003,385014884.21839154,589046502.27804,882851816576.0,2508355281.6740003,111125809.60000001,0.196,35.311974005666514,54.0249108,80971.52,230.05598,10.192,1.8016313268197202,2.756373,4131.2,11.73755,0.52,496.59679452000523,744289.9337357628,2114.673778011281,93.68482899462545,1138712.81376,3235.306590615,143.331396,4849016.656,214822.4,610.3526,81.5
1.0,8331465.0,1.41,0.3,8.18316001754696,26.46741,43952.0,124.1394,4.6,11747365.649999999,2499439.5,68177711.27559188,220512300.05565,366184549680.0,1034263066.221,38324739.0,0.423,11.538255624741213,37.319048099999996,61972.32,175.036554,6.485999999999999,2.454948005264088,7.940223,13185.6,37.24182,1.38,216.5870512800226,359666.249091224,1015.852574682269,37.64253608071601,1163295.6043200002,3285.648396954,121.750086,5456174.908799999,202179.19999999998,571.0412399999999,80.4
1.0,8868713.0,1.99,0.1,5.10953829181389,25.65117,14365.0,128.6024,43.3,17648738.87,886871.3,45315028.67260764,227492864.84421,127399062245.0,1140537776.7112,384015272.9,0.199,10.167981200709642,51.045828300000004,28586.35,255.91877599999998,86.16699999999999,0.510953829181389,2.5651170000000003,1436.5,12.86024,4.33,131.0656353448277,73398.51756190653,657.0988872191666,221.24300803554144,368479.05705,3298.8020248079997,1110.695661,1847373.4759999998,622004.5,5568.483919999999,70.6
1.0,348587.0,1.89,3.1,3.13192132134112,27.24594,24373.0,124.3862,14.5,658829.4299999999,1080619.7,1091747.057642337,9497580.48678,8496110951.0,43359412.2994,5054511.5,5.859,5.9193312973347165,51.494826599999996,46064.97,235.08991799999998,27.404999999999998,9.708956096157472,84.46241400000001,75556.3,385.59722,44.95,85.33214040598088,76334.31836504712,389.56779186060083,45.41285915944624,664065.29562,3389.0189420280003,395.06613,3031664.8526,353408.5,1803.5999,72.2
1.0,148252473.0,2.38,0.06,0.319161002018858,20.39742,2265.0,125.0307,55.9,352840885.74,8895148.379999999,47316407.83445369,3023967957.81966,335791851345.0,18536110475.9211,8287313240.7,0.14279999999999998,0.759603184804882,48.5458596,5390.7,297.573066,133.042,0.01914966012113148,1.2238452,135.9,7.501842,3.3539999999999996,6.5100610057994945,722.8996695727134,39.90492349511923,17.841100012854163,46200.1563,2550.303700794,1140.215778,283194.5355,126613.5,6989.21613,68.4
1.0,277315.0,1.83,1.3,6.00827883508462,26.384390000000003,16075.0,126.394,15.4,507486.45,360509.5,1666185.8451514915,7316787.112850001,4457838625.0,35050952.11,4270651.0,2.379,10.995150268204855,48.28343370000001,29417.25,231.30102000000002,28.182000000000002,7.810762485610006,34.299707000000005,20897.5,164.31220000000002,20.02,158.5247720136183,96583.08227398526,759.4103950816855,92.52749406030316,424129.06925000006,3334.8285896600005,406.3196060000001,2031783.55,247555.0,1946.4676000000002,75.3
1.0,9526453.0,1.42,0.2,6.48817388016763,26.16443,14488.0,129.7968,7.2,13527563.26,1905290.6,61809283.52524456,249254212.66679,138019251064.0,1236503114.7503998,68590461.60000001,0.284,9.213206909838034,37.1534906,20572.96,184.31145599999996,10.224,1.297634776033526,5.232886000000001,2897.6000000000004,25.95936,1.4400000000000002,169.75937131547434,94000.66317586863,842.1442074893417,46.71485193720694,379070.26184,3396.0592878239995,188.383896,1880496.0384,104313.6,934.5369599999999,70.1
1.0,10779155.0,1.82,0.2,9.79733671427737,26.75915,41641.0,121.8227,4.7,19618062.1,2155831.0,105607011.03038648,288441025.51825005,448854793355.0,1313145765.8185,50662028.5,0.36400000000000005,17.831152819984812,48.70165300000001,75786.62,221.71731400000002,8.554,1.9594673428554739,5.3518300000000005,8328.2,24.36454,0.9400000000000001,262.1684027378553,407970.89811922394,1193.5380113423976,46.047482557103635,1114277.76515,3259.871902705,125.76800500000002,5072819.0507,195712.7,572.56669,79.4
1.0,306165.0,2.91,2.4,1.3601259202571898,27.02255,8293.0,120.9224,20.1,890940.15,734796.0,416422.95237554255,8273359.02075,2539026345.0,37022206.596,6153916.5,6.984,3.9579664279484223,78.6356205,24132.63,351.884184,58.49100000000001,3.2643022086172553,64.85412,19903.2,290.21376,48.24,36.75407068644592,11279.524256692875,164.46969057970801,27.338530997169517,224098.00715,3267.63160012,543.1532550000001,1002809.4632,166689.30000000002,2430.5402400000003,70.7
1.0,8973525.0,5.27,1.2,0.5375391835148801,22.41835,1646.0,130.2723,116.3,47290476.74999999,10768230.0,4823621.301750364,201171624.18375,14770422150.0,1169001740.8575,1043620957.5,6.323999999999999,2.8328314971234176,118.14470449999999,8674.42,686.5350209999999,612.901,0.6450470202178561,26.90202,1975.1999999999998,156.32676,139.56,12.050741554750811,884.7894960654926,70.0264657766055,62.51580704278055,36900.6041,2920.490016705,2607.254105,214428.2058,191429.8,15150.66849,63.2
1.0,694990.0,2.51,0.2,0.601210310020156,22.8218,5663.0,125.1258,48.1,1744424.9,138998.0,417835.1533609082,15860922.782,3935728370.0,86961179.742,33429019.0,0.502,1.5090378781505915,57.282717999999996,14214.13,314.06575799999996,120.731,0.1202420620040312,4.56436,1132.6000000000001,25.02516,9.620000000000001,13.720701453217997,3404.6539856441436,75.22692100952004,28.918215911969504,129239.85339999999,2855.5959824399997,1097.72858,708587.4054,272390.3,6018.55098,67.6
1.0,9599916.0,3.48,0.2,1.43182915030318,24.43335,5066.0,122.4155,52.0,33407707.68,1919983.2000000002,13745439.569261901,234558107.5986,48633174456.0,1175178517.098,499195632.0,0.6960000000000001,4.982765443055066,85.028058,17629.68,426.00593999999995,180.96,0.286365830060636,4.8866700000000005,1013.2,24.4831,10.4,34.9843827695602,7253.646475435909,175.2780813489389,74.45511581576535,123779.3511,2991.020756925,1270.5342,620156.923,263432.0,6365.606,70.9
1.0,1967866.0,2.86,24.9,2.5472054915144904,22.12984,13858.0,133.1307,63.8,5628096.76,48999863.4,5012559.081764654,43548559.72144,27270687028.0,261983378.08619997,125549850.8,71.214,7.285007705731442,63.291342400000005,39633.88,380.75380199999995,182.468,63.42541673871081,551.033016,345064.19999999995,3314.95443,1588.62,56.36924997433703,35299.17370140781,339.1112501291681,162.51171035862447,306675.32272,2946.161090088,1411.883792,1844925.2406,884140.3999999999,8493.738659999999,61.2
1.0,194769696.0,1.9,0.45,2.02377283620826,25.78623,13906.0,124.8745,18.6,370062422.4,87646363.2,394169620.0813406,5022376178.08608,2708467392576.0,24321768403.152,3622716345.6000004,0.855,3.845168388795694,48.993837,26421.399999999998,237.26154999999997,35.34,0.9106977762937171,11.6038035,6257.7,56.193525,8.370000000000001,52.185471822218524,28142.585060312063,252.71762103508837,37.64217475347364,358583.31438,3220.042578135,479.62387800000005,1736504.797,258651.6,2322.6657,73.9
1.0,7513646.0,1.43,0.1,6.69013908249446,26.54286,15368.0,128.4721,13.7,10744513.78,751364.6000000001,50267336.75662817,199433653.86756,115469711728.0,965293880.2766001,102936950.19999999,0.143,9.566898887967078,37.9562898,21976.239999999998,183.715103,19.590999999999998,0.6690139082494461,2.6542860000000004,1536.8000000000002,12.847210000000002,1.37,177.57542504717892,102814.05741977486,859.4962172201366,91.6549054301741,407910.67248,3410.0169642060005,363.637182,1974359.2328,210541.59999999998,1760.06777,73.2
1.0,14709011.0,6.04,1.2,0.109419170900456,21.27157,1358.0,130.6651,130.4,88842426.44,17650813.2,1609447.7883856872,312883757.11727,19974836938.0,1921954393.2161,1918055034.4,7.247999999999999,0.6608917922387543,128.4802828,8202.32,789.2172039999999,787.616,0.13130300508054718,25.525884,1629.6,156.79811999999998,156.48,2.327517553151013,148.59123408281926,14.297266907625172,14.268259885419463,28886.79206,2779.451821207,2773.8127280000003,177443.2058,177083.2,17038.72904,59.4
1.0,8821795.0,6.48,3.5,0.0313888012897939,21.50291,723.0,134.1955,108.6,57165231.6,30876282.5,276905.5702742974,189694263.92345,6378157785.0,1183845190.9225001,958046937.0,22.68,0.20339943235786448,139.3388568,4685.04,869.5868400000002,703.7280000000001,0.10986080451427864,75.260185,2530.5,469.68425,380.09999999999997,0.6749505691423221,22.69410333252099,4.212235883484538,3.408823820071617,15546.60393,2885.5937589050004,2335.216026,97023.34650000001,78517.8,14573.631300000001,57.4
1.0,13933660.0,3.05,0.6,0.287547495737188,20.80496,2442.0,117.5528,51.5,42497663.0,8360196.0,4006589.0394534273,289889238.9536,34025997720.0,1637940747.2480001,717583490.0,1.8299999999999998,0.8770198619984234,63.455128,7448.099999999999,358.53604,157.075,0.1725284974423128,12.482976,1465.2,70.53168,30.9,5.982414146912368,702.1909845902131,33.80201325689452,14.808696030465184,50805.712320000006,2445.6813018880002,1071.45544,287063.9376,125763.0,6053.9692000000005,66.2
1.0,19570418.0,5.17,5.3,0.29554163922618,23.68173,2571.0,127.2823,113.8,101179061.06,103723215.39999999,5783873.416061539,463461355.06314003,50315544678.0,2490967815.0014,2227113568.4,27.401,1.5279502747993505,122.43454410000001,13292.07,658.049491,588.346,1.5663706878987538,125.513169,13626.3,674.59619,603.14,6.998937303911804,759.8375544505087,37.61721958647841,33.63263854393928,60885.72783,3014.2650623790005,2694.9808740000003,327242.7933,292579.8,14484.72574,56.6
1.0,33363256.0,1.68,0.2,16.350398627330502,27.4521,41468.0,118.0571,5.8,56050270.08,6672651.2,545502535.1056762,915891440.0376,1383507499808.0,3938769249.9176,193506884.79999998,0.336,27.468669693915242,46.119528,69666.23999999999,198.335928,9.744,3.2700797254661005,5.49042,8293.6,23.611420000000003,1.16,448.8527781573397,678018.3302781413,1930.28064578662,94.83231203851692,1138383.6828,3240.9153149100002,159.22218,4895591.8228,240514.4,684.73118,80.7
1.0,11139740.0,6.81,3.4,0.047839126373075,21.48569,1753.0,127.864,168.0,75861629.39999999,37875116.0,532915.4296231985,239345000.32060003,19527964220.0,1424371715.3600001,1871476320.0,23.153999999999996,0.3257844506006407,146.3175489,11937.929999999998,870.75384,1144.08,0.162653029668455,73.05134600000001,5960.2,434.7376,571.1999999999999,1.0278566391227137,83.86198853200047,6.116902054566862,8.0369732306766,37664.41457,2747.2462661600002,3609.59592,224145.592,294504.0,21481.152000000002,54.8
1.0,16645940.0,1.89,0.4,4.24025913623095,27.01542,18698.0,125.5417,8.9,31460826.599999998,6658376.0,70583099.16615222,449697060.3948,311245786120.0,2089759605.6980002,148148866.0,0.756,8.014089767476495,51.059143799999994,35339.22,237.273813,16.821,1.6961036544923802,10.806168,7479.200000000001,50.216680000000004,3.5600000000000005,114.55238147411633,79284.3653292463,532.329340402965,37.73830631245546,505134.32315999997,3391.561753014,240.437238,2347378.7066,166412.2,1117.32113,78.9
1.0,44901660.0,2.43,0.5,1.4760918200836202,24.94041,10489.0,124.0235,19.7,109111033.80000001,22450830.0,66278973.03417589,1119865810.0806,470973511740.0,5568861029.01,884562702.0,1.215,3.5869031228031973,60.6051963,25488.27,301.37710500000003,47.871,0.7380459100418101,12.470205,5244.5,62.01175,9.85,36.81433519053172,15482.727100857092,183.07007384814085,29.079008855647317,261599.96049,3093.196939635,491.326077,1300882.4915,206633.3,2443.26295,75.1
1.0,665414.0,5.05,0.06,0.1788530640781749,22.06131,1440.0,132.1354,91.2,3360340.6999999997,39924.84,119011.33278051467,14679904.53234,958196160.0,87924745.0556,60685756.800000004,0.303,0.9032079735947831,111.40961549999999,7272.0,667.28377,460.56,0.010731183844690493,1.3236785999999998,86.39999999999999,7.928124,5.4719999999999995,3.9457328910784804,257.54841227257185,23.63282116319527,16.31139944392955,31768.286399999997,2915.080021374,2011.991472,190274.976,131328.0,12050.74848,62.6
1.0,3832771.0,5.1,3.5,0.3842204768660961,21.87134,5022.0,131.6935,72.6,19547132.099999998,13414698.5,1472629.1013385442,83827837.68314,19248175962.0,504751027.6885,278259174.59999996,17.849999999999998,1.9595244320170901,111.54383399999999,25612.199999999997,671.63685,370.25999999999993,1.3447716690313365,76.54969,17577.0,460.92725,254.09999999999997,8.403416684500522,1929.5552348215347,50.59933937016523,27.894406620478577,109837.86948,2880.31331429,1587.859284,661364.757,364597.19999999995,9560.9481,58.6
1.0,4429506.0,1.91,0.3,1.9119334188978503,26.47897,12219.0,121.35,10.3,8460356.459999999,1328851.8,8468920.550608542,117288756.48882,54124133814.0,537520553.1,45623911.800000004,0.573,3.651792830094894,50.5748327,23338.289999999997,231.77849999999998,19.673000000000002,0.5735800256693551,7.943690999999999,3665.7,36.404999999999994,3.0900000000000003,50.62602764099361,23361.914445512833,232.01312038325412,19.69291421464786,323546.53443,3213.2230095,272.73339100000004,1482775.65,125855.70000000001,1249.905,79.7
1.0,19261647.0,4.91,3.7,0.361896602941861,22.56469,2854.0,131.5237,116.9,94574686.77,71268093.9,6970724.616365287,434633093.44443,54972740538.0,2533363081.5339,2251686534.3,18.167,1.7769123204445376,110.7926279,14013.140000000001,645.7813669999999,573.979,1.3390174308848857,83.489353,10559.800000000001,486.63768999999996,432.53000000000003,8.166084657436182,1032.8529047960712,47.59798023634444,42.30571288390355,64399.62525999999,2967.7915181529997,2637.812261,375368.63979999995,333632.60000000003,15375.12053,55.9
1.0,4344151.0,1.43,0.06,5.28790257621164,26.596290000000003,21873.0,130.3921,5.9,6212135.93,260649.06,22971447.264352374,115538299.79979001,95019614823.0,566442971.6071,25630490.900000002,0.08579999999999999,7.561700683982645,38.0326947,31278.39,186.460703,8.437,0.3172741545726984,1.5957774000000002,1312.3799999999999,7.823525999999999,0.354,140.6385904086719,115662.2930494772,689.5007215076458,31.198625199648678,581740.6511700001,3467.9461053090004,156.91811100000004,2852066.4033,129050.70000000001,769.31339,76.5
1.0,11290239.0,1.5,0.1,2.7017771665481,25.06867,17765.0,126.0594,6.3,16935358.5,1129023.9000000001,30503709.935070854,283031275.71213,200571095835.0,1423240754.1966,71128505.7,0.15000000000000002,4.05266574982215,37.603005,26647.5,189.0891,9.45,0.27017771665481,2.506867,1776.5,12.60594,0.63,67.72996020172937,47997.071363726995,340.5844085487536,17.02119614925303,445344.92255,3160.141498998,157.932621,2239445.241,111919.5,794.17422,77.8
1.0,5495302.0,1.89,0.2,8.54150780114596,26.13287,45017.0,119.5815,4.3,10386120.78,1099060.4000000001,46938164.902652994,143608012.77674,247382010134.0,657136456.113,23629798.599999998,0.378,16.143449744165864,49.3911243,85082.12999999999,226.009035,8.126999999999999,1.708301560229192,5.226574,9003.4,23.916300000000003,0.86,223.2141129713332,384513.0566841877,1021.4063151227356,36.72848354492763,1176423.40879,3125.007793905,112.371341,5383200.3855,193573.1,514.20045,78.7
1.0,809639.0,3.76,2.6,0.612799523785036,23.38403,2502.0,129.3376,81.0,3044242.6399999997,2105061.4,496146.39363779273,18932622.66517,2025716778.0,104716765.12640001,65580759.0,9.776,2.304126209431735,87.9239528,9407.519999999999,486.309376,304.56,1.5932787618410937,60.798478,6505.2,336.27776000000006,210.6,14.329722448174994,1533.22440851016,79.25801968749947,49.63676142658792,58506.84306,3024.434318528,1894.10643,323602.6752,202662.0,10476.3456,61.0
1.0,14447600.0,2.73,0.4,2.1105178014248,25.58841,9244.0,122.9864,26.8,39441948.0,5779040.0,30491916.98786494,369691112.316,133553614400.0,1776858312.64,387195680.0,1.092,5.761713597889704,69.8563593,25236.12,335.752872,73.164,0.8442071205699201,10.235364,3697.6000000000004,49.19456,10.72,54.004794815156366,19509.62655637085,259.56498653315106,56.561877078184644,236539.26204,3147.026427624,685.769388,1136886.2816,247739.2,3296.0355200000004,74.0
1.0,78976122.0,2.95,0.06,2.51239420485077,26.73243,9974.0,125.0931,31.4,232979559.9,4738567.319999999,198419151.23438743,2111223653.0364602,787707840828.0,9879367926.9582,2479850230.7999997,0.177,7.411562904309772,78.8606685,29423.300000000003,369.024645,92.63,0.1507436522910462,1.6039458,598.4399999999999,7.505586,1.884,67.16240221357887,25058.619799181582,314.2831795068179,78.88917803231418,266629.25682,3344.0425392330003,839.398302,1247678.5794000002,313183.6,3927.92334,70.1
1.0,6004199.0,2.32,0.8,1.06776463433017,26.36751,7450.0,119.9321,21.6,13929741.68,4803359.2,6411071.349680573,158315777.17449,44731282550.0,720096194.8879,129690698.4,1.8559999999999999,2.4772139516459943,61.1726232,17284.0,278.242472,50.112,0.8542117074641361,21.094008000000002,5960.0,95.94568000000001,17.28,28.154294673347103,7954.846525759767,128.0592549009494,23.063716101531675,196437.9495,3162.310846071,569.538216,893494.145,160920.0,2590.5333600000004,74.1
1.0,686223.0,5.31,4.7,6.798253229396759,23.7664,40143.0,132.0392,118.4,3643844.13,3225248.1,4665117.725836332,16309050.3072,27547049889.0,90608335.9416,81248803.2,24.957,36.09872464809679,126.199584,213159.33,701.1281519999999,628.704,31.95179017816477,111.70208000000001,188672.1,620.58424,556.48,161.57000555113515,272902.2793876741,897.6359178069646,804.9131823605763,954054.5952,3138.09644288,2813.94176,5300449.605599999,4752931.2,15633.441280000001,56.7
1.0,4500638.0,5.16,0.8,0.0837456441990509,20.88509,1088.0,125.7948,60.4,23223292.080000002,3600510.4000000004,376908.828616728,93996229.68742001,4896694144.0,566156857.0824,271838535.2,4.128,0.43212752406710264,107.76706440000001,5614.08,649.101168,311.664,0.06699651535924071,16.708072,870.4000000000001,100.63584,48.32,1.749035316205156,91.11526088856738,10.534766562890766,5.058236909622674,22722.97792,2627.235719532,1261.459436,136864.7424,65715.2,7598.00592,60.4
1.0,1339941.0,1.62,1.2,13.0313788748608,26.26446,24743.0,129.5161,5.5,2170704.42,1607929.2,17461278.84095986,35192826.79686,33154160163.0,173543932.5501,7369675.5,1.944,21.1108337772745,42.548425200000004,40083.66,209.816082,8.91,15.63765464983296,31.517352,29691.6,155.41932,6.6,342.2621292036265,322435.40750068077,1687.7733694943588,71.6725838117344,649861.5337799999,3401.6704278059997,144.45453,3204616.8622999997,136086.5,712.3385499999999,74.0
1.0,843206.0,2.74,0.1,1.27777955576417,26.53078,7129.0,127.4768,24.0,2310384.4400000004,84320.6,1077431.3880976827,22370912.88068,6011215574.0,107489202.6208,20236944.0,0.274,3.5011159827938263,72.6943372,19533.460000000003,349.28643200000005,65.76,0.127777955576417,2.6530780000000003,712.9000000000001,12.74768,2.4000000000000004,33.90048828247693,9109.290453042768,162.88724887423794,30.66670933834008,189137.93062,3382.058935904,636.7387200000001,908782.1072,171096.0,3059.4431999999997,65.7
1.0,5314170.0,1.85,0.1,10.6441142837652,26.733390000000004,42122.0,126.5645,3.3,9831214.5,531417.0,56564632.80335651,142065779.13630003,223843468740.0,672585268.965,17536761.0,0.18500000000000003,19.691611424965622,49.45677150000001,77925.7,234.144325,6.1049999999999995,1.06441142837652,2.6733390000000004,4212.2,12.65645,0.33,284.5532583524658,448351.38186075777,1347.1670022676005,35.12557713642516,1126063.85358,3383.4981386550003,88.22018700000001,5331149.869,139002.6,417.66284999999993,79.4
1.0,62309529.0,1.97,0.4,5.9990207264502295,25.85329,37505.0,120.0146,4.3,122749772.13,24923811.6,373796155.92635167,1610906323.00041,2336918885145.0,7478053199.1234,267930974.7,0.788,11.818070831106953,50.9309813,73884.85,236.428762,8.471,2.3996082905800917,10.341316,15002.0,48.005840000000006,1.72,155.09442255692846,224993.27234551587,719.9700728766337,25.795789123735986,969627.64145,3102.772258034,111.169147,4501147.573,161271.5,516.06278,81.0
1.0,1473741.0,4.28,5.3,1.07953931688168,24.0762,15800.0,130.3625,68.0,6307611.48,7810827.3,1590961.352400524,35482083.0642,23285107800.0,192120561.1125,100214388.0,22.684,4.620428276253591,103.046136,67624.0,557.9515000000001,291.04,5.721558379472904,127.60386,83740.0,690.92125,360.4,25.991204501106704,17056.721206730545,140.73144419698804,73.40867354795424,380403.96,3138.6336225000005,1637.1816,2059727.5000000002,1074400.0,8864.650000000001,57.5
1.0,1586749.0,5.8,1.7,0.251002328494815,21.65029,1566.0,130.208,87.4,9203144.2,2697473.3,398277.69373681926,34353576.007209994,2484848934.0,206607413.792,138681862.60000002,9.86,1.455813505269927,125.57168199999998,9082.8,755.2063999999999,506.92,0.4267039584411855,36.805493,2662.2,221.3536,148.58,5.434273202588008,393.06964642288034,32.682511188652875,21.937603510446834,33904.354139999996,2819.0409603199996,1892.235346,203905.728,136868.40000000002,11380.1792,62.2
1.0,4343290.0,1.79,0.1,1.4194297793045,25.54942,5900.0,130.5789,19.3,7774489.100000001,434329.0,6164995.166155443,110968540.3918,25625411000.0,567142030.581,83825497.0,0.17900000000000002,2.540779304955055,45.7334618,10561.0,233.736231,34.547000000000004,0.14194297793045002,2.5549420000000005,590.0,13.05789,1.9300000000000002,36.26560759195798,8374.63569789655,185.34757920882438,27.394994740576852,150741.578,3336.215159238,493.103806,770415.51,113870.0,2520.17277,72.1
1.0,80665906.0,1.37,0.1,9.497246756545971,27.165090000000006,41199.0,124.9044,4.4,110512291.22000001,8066590.600000001,766104014.1223422,2191296596.4215407,3323354661294.0,10075526589.3864,354929986.40000004,0.137,13.011228056467981,37.21617330000001,56442.630000000005,171.11902800000001,6.028000000000001,0.9497246756545972,2.7165090000000007,4119.900000000001,12.49044,0.44000000000000006,257.9935628937795,391277.06912293745,1186.2479077783205,41.78788572880228,1119174.5429100003,3393.0392673960005,119.52639600000003,5145936.3756,181275.6,549.5793600000001,80.0
1.0,23115919.0,4.19,1.8,0.36660084873269,22.84247,2907.0,128.2953,79.9,96855700.61000001,41608654.2,8474315.524636114,528024686.27993,67197976533.0,2965663762.8807,1846961928.1000001,7.542000000000001,1.5360575561899712,95.7099493,12180.330000000002,537.557307,334.78100000000006,0.659881527718842,41.116445999999996,5232.6,230.93154,143.82000000000002,8.374068889151008,1065.7086672659298,47.03316586841508,29.291407813741934,66403.06029,2930.581541391,1825.113353,372954.4371,232269.30000000002,10250.79447,62.7
1.0,11161755.0,1.46,0.1,8.66123553121303,26.33786,32197.0,122.9342,4.9,16296162.299999999,1116175.5,96674588.9966947,293976740.5443,359375025735.0,1372161421.5210001,54692599.50000001,0.146,12.645403875571024,38.4532756,47007.619999999995,179.483932,7.154,0.8661235531213031,2.633786,3219.7000000000003,12.293420000000001,0.49000000000000005,228.11840884811443,278865.80039846594,1064.762061041249,42.440054102943854,848000.0784199999,3237.823748812,129.05551400000002,3958112.4374,157765.30000000002,602.3775800000001,79.5
1.0,14106687.0,4.12,0.8,0.835594820071747,25.29947,6960.0,120.9596,36.9,58119550.440000005,11285349.600000001,11787474.585573453,356891704.55588996,98182541520.0,1706339216.8451998,520536750.29999995,3.2960000000000003,3.4426506586955976,104.2338164,28675.2,498.353552,152.028,0.6684758560573977,20.239576,5568.0,96.76768,29.52,21.14010608256056,5815.73994769936,101.07321519795049,30.833448860647465,176084.3112,3060.213771412,933.550443,841878.816,256824.0,4463.40924,70.8
1.0,10427356.0,5.34,1.4,0.126964400102799,22.52449,1230.0,132.2765,121.0,55682081.04,14598298.399999999,1323902.9991983217,234870875.94844002,12825647880.0,1379294155.934,1261710076.0,7.475999999999999,0.6779898965489466,120.2807766,6568.2,706.35651,646.14,0.1777501601439186,31.534285999999998,1722.0,185.1871,169.39999999999998,2.859808360471495,156.16621212644276,16.79440647019789,15.362692412438678,27705.1227,2979.460701485,2725.46329,162700.095,148830.0,16005.4565,58.3
1.0,1561293.0,5.25,2.5,0.156376432466591,21.64338,1326.0,130.7627,127.6,8196788.25,3903232.5,244149.42937506127,33791657.69034,2070274518.0,204158888.1711,199220986.79999998,13.125,0.8209762704496028,113.627745,6961.5,686.504175,669.9,0.3909410811664775,54.108450000000005,3315.0,326.90675,319.0,3.3845145509187664,207.35514945069966,20.448204525699097,19.95363278273701,28699.121880000002,2830.146805926,2761.695288,173391.3402,169197.6,16685.320519999997,51.3
1.0,748096.0,2.74,1.2,2.07341531196141,23.68465,5208.0,125.1512,41.9,2049783.0400000003,897715.2,1551113.7012170828,17718391.926400002,3896083968.0,93625112.1152,31345222.4,3.2880000000000003,5.681157954774263,64.89594100000001,14269.920000000002,342.91428800000006,114.80600000000001,2.4880983743536915,28.421580000000002,6249.599999999999,150.18144,50.279999999999994,49.10811596844681,10798.346944695022,259.4904143903448,86.87610157118307,123349.6572,2964.16236908,992.386835,651787.4496,218215.19999999998,5243.83528,63.0
1.0,9705130.0,3.5,2.0,0.24930675467243,23.66302,1600.0,125.3461,83.3,33967955.0,19410260.0,2419554.4639740405,229652685.2926,15528208000.0,1216500195.493,808437329.0,7.0,0.872573641353505,82.82057,5600.0,438.71135000000004,291.55,0.49861350934486,47.32604,3200.0,250.6922,166.6,5.899350721948804,398.890807475888,31.24962940184588,20.767252664213416,37860.832,2966.0672712220003,1971.1295659999998,200553.76,133280.0,10441.33013,61.7
1.0,7259470.0,3.27,0.8,1.1874535163184798,25.10872,4391.0,122.9621,26.5,23738466.9,5807576.0,8620283.178108515,182275999.57840002,31876332770.0,892639676.087,192375955.0,2.616,3.882972998361429,82.1055144,14358.57,402.086067,86.655,0.9499628130547839,20.086976000000003,3512.8,98.36968000000002,21.200000000000003,29.815437854256142,5214.108390154445,146.01177801890455,31.467518182439715,110252.38952000001,3087.4209395120006,665.38108,539926.5811000001,116361.5,3258.4956500000003,70.9
1.0,10050699.0,1.33,0.06,5.45323172371614,27.11568,23334.0,128.6968,7.2,13367429.67,603041.94,54808790.63232209,272531537.86032003,234523010466.0,1293492799.0632,72365032.8,0.0798,7.252798192542467,36.063854400000004,31034.22,171.166744,9.576,0.3271939034229684,1.6269408,1400.04,7.721807999999999,0.432,147.86808638613527,127245.70904119241,701.8134725007513,39.26326841075621,632717.27712,3489.701245824,195.232896,3003011.1311999997,168004.80000000002,926.61696,73.8
1.0,310033.0,2.12,0.3,6.8219030512941,27.20687,42294.0,118.7381,2.7,657269.9600000001,93009.9,2115015.0687018638,8435027.52671,13112535702.0,36812729.3573,837089.1000000001,0.636,14.462434468743494,57.6785644,89663.28,251.72477200000003,5.724000000000001,2.04657091538823,8.162061,12688.199999999999,35.62143,0.81,185.6026294691619,288525.5676514327,810.0198066948641,18.41913823849407,1150687.3597799998,3230.492050747,73.458549,5021909.2014,114193.8,320.59287,82.0
1.0,1197070109.0,2.64,0.32,1.5208494207295702,20.95956,3901.0,123.1274,65.6,3160265087.76,383062434.88,1820563381.8453333,25090062773.792038,4669770495209.0,147392130138.8866,78527799150.4,0.8448000000000001,4.0150424707260655,55.3332384,10298.640000000001,325.056336,173.184,0.4866718146334625,6.7070592,1248.32,39.400768,20.991999999999997,31.87633468474667,5932.833590266054,187.25823496593807,99.7677219998598,81763.24356,2580.6961279439997,1374.9471359999998,480319.9874,255905.59999999998,8077.157439999999,64.4
1.0,235360765.0,2.48,0.2,1.7550442204323995,21.85576,7856.0,126.4216,36.2,583694697.2,47072153.0,413068550.32979816,5143988393.2564,1848994169840.0,29754684488.524,8520059693.000001,0.496,4.352509666672351,54.2022848,19482.88,313.525568,89.77600000000001,0.3510088440864799,4.371152,1571.2,25.28432,7.240000000000001,38.35782527115762,13787.62739571693,221.87549841781663,63.53260077965287,171698.85056,2763.0401484159997,791.1785120000001,993168.0896,284387.2,4576.461920000001,69.5
1.0,72530693.0,1.88,0.2,7.89221094080634,25.31003,15955.0,125.1859,21.4,136357702.84,14506138.600000001,572427528.8388658,1835754015.75079,1157227206815.0,9079820080.828701,1552156830.1999998,0.376,14.837356568715919,47.5828564,29995.399999999998,235.349492,40.23199999999999,1.578442188161268,5.062006,3191.0,25.037180000000003,4.28,199.7520956781367,125920.22556056516,987.9935296146884,168.89331413325567,403821.52865,3168.4588845770004,541.634642,1997341.0345,341437.0,2678.97826,76.9
1.0,4480145.0,2.0,0.2,9.88253103434228,27.65325,47713.0,124.7801,4.5,8960290.0,896029.0,44275172.0008534,123890569.72125,213761158385.0,559032941.1145,20160652.5,0.4,19.76506206868456,55.3065,95426.0,249.5602,9.0,1.9765062068684562,5.5306500000000005,9542.6,24.956020000000002,0.9,273.28410132542564,471525.20324157324,1233.1432107183332,44.47138965454026,1319419.51725,3450.575300325,124.439625,5953632.9113,214708.5,561.51045,79.4
1.0,7093808.0,2.92,0.2,10.0011881389889,27.13151,28562.0,121.0838,4.9,20713919.36,1418761.6,70946508.42986457,192465722.69008,202613344096.0,858945229.1104,34759659.2,0.584,29.203469365847585,79.2240092,83401.04,353.56469599999997,14.308,2.00023762779778,5.426302,5712.400000000001,24.21676,0.9800000000000001,271.3473360048587,285653.9356258009,1210.981864383704,49.00582188104561,774930.1886199999,3285.1863305379998,132.944399,3458395.4956,139953.80000000002,593.31062,80.9
1.0,59319234.0,1.39,0.3,7.465942414501621,26.4802,37475.0,123.703,4.1,82453735.25999999,17795770.2,442873985.11634666,1570785180.1668,2222988294150.0,7337967203.502,243208859.39999998,0.417,10.377659956157252,36.807477999999996,52090.24999999999,171.94717,5.698999999999999,2.239782724350486,7.9440599999999995,11242.5,37.1109,1.2299999999999998,197.69964832448582,279786.1919834482,923.559474501094,30.610363899456644,992345.495,3275.6801806,108.56881999999999,4635769.925,153647.5,507.18229999999994,81.4
1.0,2717344.0,2.39,1.7,4.39145647399792,24.00421,8951.0,125.3685,18.9,6494452.16,4619484.8,11933097.900879404,65227696.018240005,24322946144.0,340669341.264,51357801.599999994,4.063,10.495580972855029,57.3700619,21392.89,299.630715,45.171,7.4654760057964635,40.807157,15216.699999999999,213.12644999999998,32.129999999999995,105.41344340770561,39307.92689875538,550.5503109604082,82.99852735856068,214861.68371,3009.371801385,453.67956899999996,1122173.4435,169173.9,2369.46465,75.5
1.0,127317900.0,1.34,0.06,9.53660568581438,23.50004,34800.0,121.9651,3.4,170605986.0,7639074.0,1214180609.0459466,2991975742.7159996,4430662920000.0,15528340405.29,432880860.0,0.0804,12.77905161899127,31.4900536,46632.0,163.43323400000003,4.556,0.5721963411488628,1.4100023999999998,2088.0,7.317906,0.204,224.11061508086533,331873.8778663404,1163.1330661309194,32.42445933176889,817801.392,2866.184728604,79.90013599999999,4244385.48,118320.0,414.68134000000003,82.6
1.0,15915966.0,2.51,0.1,14.7181042640708,26.29078,18797.0,128.8517,25.9,39949074.66,1591596.6,234252847.05140588,418443160.59348005,299172412902.0,2050799276.2422,412223519.4,0.251,36.9424417028177,65.9898578,47180.469999999994,323.41776699999997,65.00899999999999,1.47181042640708,2.6290780000000002,1879.7,12.88517,2.59,386.9504412237473,276656.2058517388,1896.4527552027714,381.19890043943366,494187.79166000005,3387.611697326,680.931202,2422025.4049,486842.3,3337.2590299999997,66.1
1.0,38244442.0,4.76,6.3,0.266308378184837,21.59258,2358.0,129.9341,71.0,182043543.92,240939984.6,10184815.323604064,825796173.4403601,90180394236.0,4969257151.2722,2715355382.0,29.988,1.267627880159824,102.7806808,11224.08,618.486316,337.96,1.677742782564473,136.033254,14855.4,818.58483,447.3,5.750284960626348,627.9551557598456,34.60253944190643,18.907894851123427,50915.303640000006,2805.6124489780004,1533.07318,306384.6078,167418.0,9225.3211,61.5
1.0,2144215.0,1.5,0.6,3.34184866312845,26.45693,20977.0,129.5746,10.5,3216322.5,1286529.0,7165642.03120997,56729346.15995,44979198055.0,277835800.939,22514257.5,0.8999999999999999,5.012772994692675,39.685395,31465.5,194.3619,15.75,2.00510919787707,15.874158,12586.199999999999,77.74476,6.3,88.41505615098299,70101.9594064455,433.01870378540366,35.089410962848724,554987.02061,3428.146121978,277.797765,2718086.3842,220258.5,1360.5333,72.3
1.0,4109389.0,1.57,0.1,3.996721795381,27.20117,14158.0,127.5037,11.3,6451740.73,410938.9,16424084.581998933,111780188.78513001,58180729462.0,523962302.23929995,46436095.7,0.15700000000000003,6.27485321874817,42.7058369,22228.06,200.180809,17.741000000000003,0.3996721795381,2.720117,1415.8000000000002,12.75037,1.1300000000000001,108.71550899886381,56585.5871790042,509.5968167817204,45.16295628780531,385114.16486,3468.249819329,307.37322100000006,1805197.3846,159985.40000000002,1440.79181,77.6
1.0,1972194.0,3.34,23.6,0.00861766941868,21.90157,2041.0,131.1361,114.2,6587127.96,46543778.400000006,16995.715921504183,43194144.944579996,4025247954.0,258625829.6034,225224554.8,78.824,0.0287830158583912,73.15124379999999,6816.94,437.994574,381.428,0.20337699828084801,516.877052,48167.600000000006,3094.81196,2695.1200000000003,0.18874049001007934,17.58866328352588,1.1300875586549624,0.9841378476132561,44701.10437,2872.086473677,2501.159294,267648.7801,233082.2,14975.74262,45.2
1.0,3672782.0,5.19,1.6,0.157352182794582,21.89537,588.0,131.2555,100.9,19061738.580000002,5876451.2,577920.2646286504,80416920.81934,2159595816.0,482072837.80100006,370583703.8,8.304,0.8166578287038806,113.6369703,3051.7200000000003,681.2160450000001,523.671,0.2517634924713312,35.032592,940.8000000000001,210.00880000000004,161.44000000000003,3.4452842625950066,92.52308348321421,20.653339428794258,15.876835243973323,12874.47756,2873.887737035,2209.2428330000002,77178.23400000001,59329.200000000004,13243.679950000002,61.0
1.0,3219802.0,1.42,0.1,4.49848339141717,26.86102,23223.0,130.8226,8.2,4572118.84,321980.2,14484225.820651786,86487165.91803999,74773461846.0,421222869.1252,26402376.4,0.142,6.3878464158123816,38.1426484,32976.659999999996,185.768092,11.643999999999998,0.449848339141717,2.686102,2322.3,13.08226,0.82,120.83385234652444,104468.27979888093,588.5032933220118,36.887563809620794,623793.46746,3514.028475052,220.26036399999998,3038093.2398,190428.59999999998,1072.7453199999998,72.0
1.0,485079.0,1.63,0.3,22.1680796908671,27.434040000000003,95001.0,122.3705,2.8,790678.7699999999,145523.69999999998,10753269.92836612,13307676.689160002,46082990079.0,59359359.7695,1358221.2,0.48899999999999993,36.13396989611337,44.7174852,154851.62999999998,199.463915,4.563999999999999,6.650423907260129,8.230212,28500.3,36.71115,0.84,608.1599849624357,2105989.7387120654,2712.7189958112526,62.070623134427876,2606261.2340400005,3357.1171918200007,76.815312,11625319.8705,266002.8,342.6374,80.7
1.0,19926798.0,4.79,0.2,0.099422147564091,21.40347,1528.0,132.8371,66.7,95449362.42,3985359.6,1981165.0512358334,426502623.18906,30448147344.0,2647018058.6057997,1329117426.6000001,0.9580000000000001,0.47623208683199586,102.5226213,7319.12,636.289709,319.493,0.0198844295128182,4.2806939999999996,305.6,26.56742,13.340000000000002,2.127978952723595,151.91704147793104,13.206949758185912,6.63145724252487,32704.502159999996,2843.1748847369995,1427.611449,202975.0888,101917.6,8860.23457,63.4
1.0,13904671.0,5.78,11.2,0.082469880821383,22.03468,674.0,133.939,101.1,80368998.38000001,155732315.2,1146716.5602305403,306384975.99028003,9371748254.0,1862377729.069,1405762238.1,64.736,0.4766759111475938,127.36045040000002,3895.7200000000003,774.16742,584.358,0.9236626651994895,246.788416,7548.799999999999,1500.1167999999998,1132.32,1.8171974335373116,55.58469967361214,11.045933367335216,8.33770495104182,14851.37432,2951.3030045200003,2227.706148,90274.886,68141.4,13541.232899999999,51.4
1.0,27197419.0,2.05,0.5,7.75223394597224,24.73069,19968.0,123.8593,8.0,55754708.949999996,13598709.5,210840754.81463036,672610938.08911,543078062592.0,3368653279.1467,217579352.0,1.025,15.89207958924309,50.697914499999996,40934.399999999994,253.911565,16.4,3.87611697298612,12.365345,9984.0,61.92965,4.0,191.7180945253162,154796.6074331737,960.1862699843595,62.01787156777792,493822.41792,3063.125951917,197.84552,2473222.5024,159744.0,990.8744,74.5
1.0,321026.0,2.38,0.06,3.27772576758378,23.21991,12029.0,123.3223,16.0,764041.88,19261.559999999998,1052235.1922643506,7454194.82766,3861621754.0,39589664.6798,5136416.0,0.14279999999999998,7.800987326849396,55.263385799999995,28629.02,293.507074,38.08,0.19666354605502678,1.3931946,721.74,7.399337999999999,0.96,76.10849732797628,39427.76325826529,404.21668042769716,52.44361228134048,279312.29738999996,2863.532706993,371.51856,1483443.9467,192464.0,1973.1568,78.2
1.0,14223403.0,6.82,1.0,0.041078866582895,21.78881,1602.0,128.0308,148.3,97003608.46000001,14223403.0,584281.2741917485,309911025.52043,22785891606.0,1821033664.8124,2109330664.9,6.82,0.28015787009534393,148.5996842,10925.640000000001,873.170056,1011.4060000000002,0.041078866582895,21.78881,1602.0,128.0308,148.3,0.8950596189900485,65.8083442657978,5.259360151701314,6.091995914243329,34905.67362,2789.6387753480003,3231.2805230000004,205105.34159999999,237576.6,18986.967640000003,55.8
1.0,406392.0,1.38,0.1,6.18277102166305,27.68361,27872.0,124.1571,6.6,560820.96,40639.200000000004,2512628.68103569,11250397.63512,11326957824.0,50456452.1832,2682187.1999999997,0.13799999999999998,8.532224009895009,38.2033818,38463.36,171.336798,9.107999999999999,0.618277102166305,2.7683610000000005,2787.2000000000003,12.41571,0.66,171.16142168302144,172326.19391579254,767.6349200137214,40.80628874297613,771597.5779200001,3437.116735131,182.711826,3460506.6912,183955.19999999998,819.4368599999999,81.4
1.0,3414552.0,4.94,0.7,0.613103977214908,22.62295,3356.0,129.9875,103.0,16867886.880000003,2390186.4,2093475.4116071183,77247239.1684,11459236512.0,443849078.1,351698856.0,3.458,3.0287336474416455,111.757373,16578.640000000003,642.1382500000001,508.82000000000005,0.4291727840504355,15.836064999999998,2349.2,90.99125000000001,72.1,13.870220621334001,2057.576947533231,79.69585323822285,63.14970965313552,75922.6202,2940.700713125,2330.16385,436238.05000000005,345668.0,13388.712500000001,63.6
1.0,1238013.0,1.58,0.9,3.07876289709044,25.15669,14615.0,130.8786,15.8,1956060.54,1114211.7,3811548.490515627,31144309.25697,18093559995.0,162029408.2218,19560605.400000002,1.4220000000000002,4.8644453774028955,39.747570200000006,23091.7,206.78818800000002,24.964000000000002,2.770886607381396,22.641021000000002,13153.5,117.79074000000001,14.22,77.4514837856061,44996.11974097678,402.9441777031409,48.64445377402895,367665.02435,3292.472367834,397.475702,1912790.739,230917.0,2067.8818800000004,72.1
1.0,114972821.0,2.35,0.3,4.26117186643567,27.42468,15826.0,122.1216,17.9,270186129.35,34491846.3,489918950.2499442,3153092824.6222796,1819559865146.0,14040664857.0336,2058013495.8999999,0.705,10.013753886123824,64.447998,37191.1,286.98576,42.065,1.278351559930701,8.227404,4747.8,36.63648,5.369999999999999,116.86127486200098,67437.30595821091,520.3811262041103,76.27497640919849,434022.98568,3349.1458010879996,490.90177199999994,1932696.4416,283285.39999999997,2185.97664,75.7
1.0,4111168.0,1.49,0.4,1.3133211868088002,24.2369,3890.0,129.9424,17.6,6125640.32,1644467.2000000002,5399284.036930362,99641967.69919999,15992443520.0,534215036.72319996,72356556.80000001,0.596,1.9568485683451122,36.112981,5796.1,193.614176,26.224,0.5253284747235201,9.69476,1556.0,51.97696,7.040000000000001,31.830834272566207,5108.819416686232,170.65610698478383,23.114452887834886,94281.541,3149.4009545599997,426.56944,505475.936,68464.0,2286.98624,69.6
1.0,2629666.0,2.37,0.06,3.7594868153666496,24.88385,7563.0,129.7504,34.8,6232308.42,157779.96,9886194.655817956,65436214.294099994,19888163958.0,341200215.36640006,91512376.8,0.1422,8.90998375241896,58.9747245,17924.31,307.50844800000004,82.476,0.22556920892199897,1.4930309999999998,453.78,7.785024000000001,2.0879999999999996,93.5505059905614,28432.998784617972,487.79491808854897,130.8301411747594,188196.55755,3228.68949104,865.9579799999999,981302.2752000001,263192.39999999997,4515.3139200000005,63.2
1.0,31350544.0,2.44,0.1,1.5940831352875,25.63182,6091.0,126.5284,35.8,76495327.36,3135054.4000000004,49975373.47248872,803571500.71008,190956163504.0,3966734171.4496,1122349475.1999998,0.244,3.8895628501015,62.5416408,14862.039999999999,308.72929600000003,87.35199999999999,0.15940831352875,2.5631820000000003,609.1,12.652840000000001,3.58,40.85925198872485,9709.560377036163,201.69678857491093,57.0681762432925,156123.41562,3243.153173688,917.619156,770684.4844000001,218057.8,4529.716719999999,73.3
1.0,22994867.0,5.54,11.4,0.104748301086439,21.93536,864.0,135.3949,114.4,127391563.18,262141483.8,2408673.2519586203,504400685.79712,19867565088.0,3113387717.9783,2630612784.8,63.156000000000006,0.580305588018872,121.5218944,4786.56,750.087746,633.7760000000001,1.1941306323854046,250.063104,9849.6,1543.50186,1304.16,2.2976916937194303,90.50253213868329,14.1823857507683,11.983205644288622,18952.15104,2969.935873664,2509.405184,116981.1936,98841.6,15489.176560000002,55.0
1.0,51030006.0,2.05,0.6,0.191053400032007,21.44932,2891.0,123.1421,87.2,104611512.3,30618003.599999998,9749456.149953717,1094558928.29592,147527747346.0,6283942101.8526,4449816523.2,1.2299999999999998,0.3916594700656143,43.971106,5926.549999999999,252.44130499999997,178.76,0.11463204001920418,12.869591999999999,1734.6,73.88526,52.32,4.097965514374528,552.3353794925322,23.526716892081406,16.65985648279101,62009.98412,2641.314308372,1870.3807040000002,356003.8111,252095.2,10737.99112,60.8
1.0,26325183.0,2.9,0.4,0.105412982603433,20.76344,1866.0,125.5561,50.7,76343030.7,10530073.200000001,2775016.0576111902,546601357.70952,49122791478.0,3305287309.2663,1334686778.1000001,1.16,0.3056976495499557,60.213975999999995,5411.4,364.11269,147.03,0.0421651930413732,8.305376,746.4000000000001,50.222440000000006,20.28,2.1887361395074247,196.70062553800597,13.235242985054894,5.344438217994053,38744.57904,2606.9765489839997,1052.706408,234287.6826,94606.20000000001,6365.69427,68.6
1.0,16519862.0,1.77,0.2,10.5330281250037,26.01541,47388.0,121.695,4.8,29240155.740000002,3303972.4000000004,174004171.06717986,429770983.07342,782843220456.0,2010384606.09,79295337.6,0.35400000000000004,18.64345978125655,46.0472757,83876.76,215.40015,8.496,2.10660562500074,5.203082,9477.6,24.339,0.96,274.0210452135025,499139.1367876753,1281.816857672325,50.558535000017756,1232818.24908,3165.94531995,124.87396799999999,5766882.659999999,227462.4,584.136,80.3
1.0,4285380.0,2.12,0.1,8.00908440122814,27.76893,32122.0,118.7421,6.4,9085005.6,428538.0,34321970.11133505,119000417.24340001,137654976360.0,508855020.49799997,27426432.0,0.21200000000000002,16.97925893060366,58.87013160000001,68098.64,251.733252,13.568000000000001,0.800908440122814,2.7768930000000003,3212.2000000000003,11.87421,0.6400000000000001,222.40370410179614,257267.80913625032,951.0155008790719,51.2581401678601,891993.56946,3297.341062953,177.72115200000002,3814233.7361999997,205580.80000000002,759.94944,80.2
1.0,5594524.0,2.72,0.2,0.7781516131060459,25.77291,4060.0,123.4792,28.1,15217105.280000001,1118904.8,4353387.875160488,144187163.54484,22713767440.0,690807347.9008,157206124.4,0.544,2.116572387648445,70.1023152,11043.2,335.86342400000007,76.43200000000002,0.15563032262120918,5.154582,812.0,24.695840000000004,5.620000000000001,20.05523149093694,3159.295549210546,96.08553866504407,21.86606032827989,104638.0146,3182.4183084720003,724.2187710000001,501325.552,114086.0,3469.7655200000004,75.2
1.0,15085130.0,7.59,0.8,0.063437108830928,21.21958,843.0,135.1021,141.3,114496136.7,12068104.0,956957.0335386969,320100122.84540004,12716764590.0,2038032741.773,2131528869.0000002,6.072,0.4814876560267435,161.0566122,6398.37,1025.424939,1072.467,0.0507496870647424,16.975664000000002,674.4000000000001,108.08168,113.04000000000002,1.346108805806583,53.477482744472304,8.570486620986918,8.963663477810128,17888.10594,2866.809819118,2998.3266540000004,113891.0703,119115.90000000001,19089.926730000003,59.7
1.0,151115683.0,6.02,3.6,0.6146896621193599,23.03322,4684.0,135.49200000000002,140.9,909716411.66,544016458.8000001,92889248.1242063,3480680771.98926,707825859172.0,20474966121.036003,21292199734.7,21.672,3.7004317659585464,138.65998439999998,28197.679999999997,815.6618400000001,848.218,2.212882783629696,82.91959200000001,16862.4,487.7712000000001,507.24,14.158282219320883,2879.206377367082,83.28553169987633,86.60977339261783,107887.60248,3120.8170442400005,3245.380698,634644.528,659975.6,19090.8228,58.0
1.0,4771633.0,1.96,0.1,10.5297687913484,26.93424000000001,65216.0,126.0266,3.6,9352400.68,477163.30000000005,50244192.247168146,128520308.41392004,311186817728.0,601352683.4378,17177878.8,0.196,20.638346831042867,52.791110400000015,127823.36,247.012136,7.056,1.0529768791348402,2.693424000000001,6521.6,12.60266,0.36000000000000004,283.6113197706878,686709.4014965773,1327.0309595597485,37.90716764885424,1756543.3958400006,3394.4306907840014,96.96326400000004,8218950.7456,234777.6,453.69576,80.7
1.0,2652281.0,2.89,0.1,15.5720804577084,26.241090000000003,47799.0,126.887,11.9,7665092.090000001,265228.10000000003,41301533.128451295,69598744.42629,126776379519.0,336539979.247,31562143.900000002,0.28900000000000003,45.00331252277728,75.83675010000002,138139.11000000002,366.70343,34.391000000000005,1.5572080457708402,2.6241090000000007,4779.900000000001,12.6887,1.1900000000000002,408.62836477796736,744329.8737980039,1975.894573037246,185.30775744672997,1254297.86091,3329.6531868300003,312.268971,6065071.713,568808.1,1509.9553,74.6
1.0,163096985.0,3.58,0.1,0.935618056464575,22.29914,4187.0,126.5196,95.5,583887206.3,16309698.5,152596484.12093192,3636922502.0929003,682887076195.0,20634965303.406,15575762067.5,0.35800000000000004,3.3495126421431785,79.8309212,14989.460000000001,452.94016799999997,341.89,0.0935618056464575,2.2299140000000004,418.70000000000005,12.65196,9.55,20.863478027631462,3917.4328024171755,118.37402225667543,89.35152439236691,93366.49918,2821.278273144,2129.5678700000003,529737.5652,399858.5,12082.621799999999,64.1
1.0,3498679.0,2.61,0.9,2.2237963430752403,26.26959,14033.0,122.6829,21.0,9131552.19,3148811.1,7780349.565794139,91908862.87161,49096962407.0,429228085.8891,73472259.0,2.3489999999999998,5.804108455426377,68.5636299,36626.13,320.202369,54.809999999999995,2.0014167087677164,23.642631,12629.7,110.41461000000001,18.900000000000002,58.4182181760859,31206.53408237485,272.8217843778654,46.699723204580046,368641.15647,3222.8294830110003,551.66139,1721609.1357,294693.0,2576.3409,77.1
1.0,6540267.0,4.07,0.9,0.53074633684253,25.01506,1982.0,120.0524,69.7,26618886.69,5886240.3,3471222.7522220835,163605171.42102,12962809194.0,785174749.9908,455856609.90000004,3.6630000000000003,2.1601375909490974,101.8112942,8066.740000000001,488.61326800000006,283.67900000000003,0.47767170315827706,22.513554,1783.8,108.04716,62.730000000000004,13.276651460896097,1051.9392396218946,63.71737152915416,36.993019677924345,49579.84892,3003.117989144,1743.5496819999998,237943.8568,138145.4,8367.65228,58.2
1.0,6047131.0,3.06,0.3,0.6985817458348059,25.54223,6684.0,123.615,25.7,18504220.86,1814139.3,4224415.331271776,154457210.84213,40419023604.0,747516098.5649999,155411266.7,0.9179999999999999,2.1376601422545063,78.1592238,20453.04,378.26189999999997,78.642,0.20957452375044178,7.662668999999999,2005.1999999999998,37.0845,7.709999999999999,17.843335625914154,4669.320389159843,86.35518251136953,17.95355086795451,170724.26532,3157.40276145,656.435311,826242.6599999999,171778.8,3176.9055,73.6
1.0,28642048.0,2.58,0.4,1.45013443843679,24.77041,9249.0,119.6368,23.2,73896483.84,11456819.200000001,41534820.192159586,709475272.19968,264910301952.0,3426642968.1664,664495513.6,1.032,3.7413468511669183,63.907657799999996,23862.420000000002,308.662944,59.856,0.580053775374716,9.908164,3699.6000000000004,47.85472,9.28,35.920424595199044,13412.293421101871,173.48944378437454,33.64311897173353,229101.52208999998,2963.4525870879997,574.673512,1106520.7632,214576.8,2775.5737599999998,76.8
1.0,90297115.0,3.26,0.06,0.8421206970145141,22.87263,5332.0,122.3459,33.4,294368594.9,5417826.899999999,76041069.42219974,2065332501.46245,481464217180.0,11047481802.0785,3015923641.0,0.19559999999999997,2.745313472267316,74.5647738,17382.32,398.84763399999997,108.88399999999999,0.050527241820870844,1.3723578,319.92,7.340754,2.004,19.261515118155085,4490.187556481389,103.03001458486804,28.12683128028477,121956.86316000001,2798.3725027170003,763.945842,652348.3388,178088.8,4086.35306,69.4
1.0,38525752.0,1.33,0.1,8.27076714913332,26.6738,19996.0,129.6765,6.7,51239250.160000004,3852575.2,318637524.0372573,1027628203.6976,770360936992.0,4995884679.228001,258122538.4,0.133,11.000120308347316,35.476154,26594.68,172.46974500000002,8.911000000000001,0.827076714913332,2.66738,1999.6000000000001,12.96765,0.67,220.61278878255234,165382.25991406987,1072.524136214587,55.414139899193245,533369.3048,3458.9650257000003,178.71446,2593011.294,133973.2,868.8325500000001,75.3
1.0,10577458.0,1.36,0.5,5.48692639969689,26.68445,27747.0,127.2631,4.1,14385342.88,5288729.0,58037733.54188507,282253649.1281,293492727126.0,1346120095.1998,43367577.8,0.68,7.462219903587771,36.290852,37735.920000000006,173.077816,5.576,2.743463199848445,13.342225,13873.5,63.63155,2.05,146.41561316639167,152245.7468123896,698.2832630972653,22.496398238757248,740413.43415,3395.9458287949997,109.40624499999998,3531169.2356999996,113762.7,521.7787099999999,79.2
1.0,1388962.0,2.2,0.06,48.7020615159807,28.13138,126076.0,126.3153,9.5,3055716.4000000004,83337.72,67645312.76735958,39073417.82756,175114773112.0,175447151.7186,13195139.0,0.132,107.14453533515756,61.889036000000004,277367.2,277.89366,20.900000000000002,2.922123690958842,1.6878828,7564.5599999999995,7.578917999999999,0.57,1370.0561992894293,6140161.107688783,6151.815511009557,462.6695844018167,3546691.86488,3553.423704114,267.24811,15925327.762799999,1197722.0,1199.99535,80.4
1.0,20741669.0,1.34,0.1,4.38344907454584,25.41069,18032.0,128.7553,16.1,27793836.46,2074166.9000000001,90920049.78258614,527060121.04161,374013775408.0,2670599814.5957003,333940870.90000004,0.134,5.873821759891427,34.0503246,24162.88,172.532102,21.574,0.43834490745458404,2.5410690000000002,1803.2,12.875530000000001,1.6100000000000003,111.38646556407123,79042.35371221059,564.392300627872,70.57353010018804,458205.56208,3271.761014157,409.11210900000003,2321715.5696,290315.2,2072.9603300000003,73.4
1.0,143123163.0,1.49,1.0,11.9827176136868,26.01131,22506.0,128.4903,13.5,213253512.87,143123163.0,1715004446.206667,3722820960.9735303,3221129906478.0,18389938150.818897,1932162700.5,1.49,17.854249244393333,38.7568519,33533.94,191.45054699999997,20.115,11.9827176136868,26.01131,22506.0,128.4903,13.5,311.68618249206764,269683.04261363513,1539.6629809979008,161.7666877847718,585410.54286,3342.201025293,351.152685,2891802.6917999997,303831.0,1734.6190499999998,67.6
1.0,9750314.0,5.06,2.9,0.054244469829612,22.55453,1173.0,135.1005,78.3,49336588.839999996,28275910.599999998,528900.6136022435,219913749.62241998,11437118322.0,1317272296.5570002,763449586.1999999,14.673999999999998,0.2744770173378367,114.12592179999999,5935.379999999999,683.60853,396.198,0.1573089625058748,65.408137,3401.7,391.79145,227.07,1.2234585221060787,63.62876311013488,7.328454996215497,4.247341987658619,26456.46369,3047.1282802650003,1766.019699,158472.88650000002,91845.9,10578.36915,62.2
1.0,12229703.0,5.11,0.8,0.461633711070406,21.92743,2162.0,130.2795,75.8,62493782.330000006,9783762.4,5645643.181178878,268165956.45329002,26440617886.0,1593279591.9885,927011487.4,4.088,2.3589482635697747,112.04916730000001,11047.820000000002,665.7282450000001,387.338,0.36930696885632486,17.541944,1729.6000000000001,104.22360000000002,60.64,10.122440885136553,998.0520833342179,60.14140906139696,34.991835299136774,47407.10366,2856.6946166850003,1662.0991940000001,281664.27900000004,163879.6,9875.1861,64.3
1.0,9109535.0,1.41,0.1,5.271222676540639,26.51495,12522.0,130.3755,8.0,12844444.35,910953.5,48018387.464740634,241538865.04825,114069597270.0,1187660180.3925,72876280.0,0.141,7.432423973922301,37.386079499999994,17656.02,183.82945499999997,11.28,0.527122267654064,2.651495,1252.2,13.03755,0.8,139.76620570734121,66006.25035564188,687.2382920653241,42.169781412325115,332020.20389999996,3456.8998637249997,212.1196,1632562.011,100176.0,1043.004,76.4
1.0,5521838.0,5.13,1.6,0.118255775422601,22.53139,1289.0,134.716,179.1,28327028.939999998,8834940.8,652989.2344479843,124414685.49481998,7117649182.0,743879928.008,988961185.8,8.208,0.6066521279179431,115.5860307,6612.57,691.09308,918.7829999999999,0.18920924067616163,36.050224,2062.4,215.54560000000004,286.56,2.664466995799038,152.4316945197327,15.930945041831118,21.179609378187838,29042.961709999996,3035.33873524,4035.3719489999994,173648.924,230859.9,24127.6356,55.9
1.0,4849641.0,1.28,0.1,4.11444075456769,23.83996,65991.0,121.1736,2.8,6207540.48,484964.10000000003,19953560.575422406,115615247.45436001,320032659231.0,587648458.6776,13578994.799999999,0.128,5.266484165846643,30.515148800000002,84468.48,155.102208,3.5839999999999996,0.41144407545676903,2.3839960000000002,6599.1,12.11736,0.27999999999999997,98.08810301126356,271516.05983467645,498.5615982176834,11.520434112789532,1573222.80036,2888.773777056,66.751888,7996367.037599999,184774.8,339.28607999999997,80.9
1.0,5396710.0,1.31,0.06,6.90165445635826,26.92717,24670.0,129.528,8.8,7069690.100000001,323802.6,37246227.62117319,145318127.6107,133136835700.0,699025052.88,47491048.00000001,0.0786,9.041167337829322,35.2745927,32317.7,169.68168,11.528000000000002,0.4140992673814956,1.6156302,1480.2,7.771679999999999,0.528,185.84202282761646,170263.8154383583,893.9574984231726,60.73455921595269,664293.2839,3487.8224757599996,236.95909600000002,3195455.76,217096.00000000003,1139.8464000000001,74.8
1.0,2030599.0,1.43,0.06,8.51182819568071,27.43983,30816.0,129.9231,3.7,2903756.57,121835.94,17284109.822321054,55719291.35817,62574938784.0,263821716.93690002,7513216.300000001,0.08579999999999999,12.171914319823415,39.2389569,44066.88,185.790033,5.291,0.5107096917408426,1.6463898,1848.96,7.795386,0.222,233.56311867868544,262300.49767809676,1105.8831058502444,31.49376432401863,845585.80128,3565.0677770730003,101.527371,4003710.2496,114019.20000000001,480.71547000000004,78.5
1.0,9132589.0,7.06,0.6,0.068218889235089,21.96917,615.0,131.5318,168.5,64476078.339999996,5479553.399999999,623015.0774205922,200635400.28113,5616542235.0,1201225869.8302,1538841246.5,4.236,0.4816253579997283,155.1023402,4341.9,928.614508,1189.61,0.0409313335410534,13.181501999999998,369.0,78.91908,101.1,1.49871237481684,41.95461687957973,8.972953295091878,11.494882836112495,13511.03955,2889.6444746059997,3701.805145,80892.057,103627.5,22163.1083,56.7
1.0,50348811.0,2.54,17.9,9.42796037329193,26.85538,12263.0,130.9949,66.1,127885979.94,901243716.9,474686594.9503648,1352136451.95318,617427469293.0,6595437462.0639,3328056407.1,45.465999999999994,23.9470193481615,68.2126652,31148.02,332.72704600000003,167.89399999999998,168.76049068192552,480.711302,219507.69999999998,2344.80871,1183.1899999999998,253.19145844969663,115615.07805767893,1235.0147263033389,623.1881806745965,329327.52494000003,3517.917817562,1775.140618,1606390.4587,810584.2999999999,8658.76289,55.0
1.0,45817016.0,1.42,0.4,7.29308875758134,27.49975,34676.0,122.0453,5.0,65060162.72,18326806.400000002,334147564.29552436,1259956485.746,1588750846816.0,5591751462.8248,229085080.0,0.568,10.356186035765502,39.049645,49239.92,173.30432599999997,7.1,2.9172355030325363,10.9999,13870.400000000001,48.81812,2.0,200.55811756129745,252895.14575789054,890.0872053456419,36.4654437879067,953581.331,3356.215238675,137.49875,4232042.8228,173380.0,610.2265,81.1
1.0,19949553.0,2.32,0.06,0.5807910881610201,21.96671,6907.0,124.8615,11.7,46282962.95999999,1196973.18,11586522.595195943,438226045.38062996,137791562571.0,2490931111.9095,233409770.1,0.1392,1.3474353245335666,50.962767199999995,16024.24,289.67868,27.143999999999995,0.034847465289661206,1.3180025999999998,414.41999999999996,7.49169,0.702,12.758069404217562,4011.524045928166,72.51844645441722,6.795255731483935,151724.06597,2742.796360665,257.01050699999996,862418.3805000001,80811.9,1460.8795499999999,74.3
1.0,34470138.0,4.79,1.0,0.3821179446909601,22.40484,3246.0,129.7199,84.7,165111961.02,34470138.0,13171658.285773762,772297926.66792,111890067948.0,4471462854.3462,2919620688.6,4.79,1.8303449550696989,107.3191836,15548.34,621.3583209999999,405.713,0.3821179446909601,22.40484,3246.0,129.7199,84.7,8.56129141192981,1240.3548484668565,49.56830157351688,32.36538991532432,72726.11064,2906.3536043159997,1897.689948,421070.7954,274936.2,10987.27553,67.4
1.0,506657.0,2.41,1.0,4.74113997041156,25.49887,13470.0,124.6358,26.4,1221043.37,506657.0,2402131.75398881,12919180.97759,6824669790.0,63147600.5206,13375744.799999999,2.41,11.426147328691862,61.452276700000006,32462.7,300.37227800000005,63.624,4.74113997041156,25.49887,13470.0,124.6358,26.4,120.89371175732823,63863.15540144372,590.9157731242212,125.1660952188652,343469.7789,3178.072061546,673.170168,1678844.226,355608.0,3290.38512,69.1
1.0,1153750.0,3.7,25.9,0.949860795263562,23.16969,5887.0,131.8793,112.2,4268875.0,29882125.0,1095901.8925353347,26732029.8375,6792126250.0,152155742.375,129450750.0,95.83,3.5144849424751796,85.727853,21781.9,487.95341,415.14000000000004,24.601394597326255,600.094971,152473.3,3415.6738699999996,2905.98,22.0079801694102,5591.830501716589,125.26697677680188,106.57438122857167,136399.96503,3055.602498417,2599.639218,776373.4391,660521.4,14796.857460000001,46.1
1.0,9226333.0,1.92,0.1,5.31568839898759,26.37629,43421.0,122.9473,3.2,17714559.36,922633.3,49044311.293296374,243356434.84457,400616605193.0,1134352731.2509,29524265.6,0.192,10.206121726056173,50.6424768,83368.31999999999,236.05881599999998,6.144,0.531568839898759,2.6376290000000004,4342.1,12.294730000000001,0.32000000000000006,140.20813876133238,230812.50597244015,653.5495362968469,17.01020287676029,1145284.88809,3242.893639517,84.40412800000001,5338494.7133,138947.2,393.43136000000004,81.1
1.0,7646542.0,1.47,0.4,5.33305762439957,26.20195,55020.0,119.6465,4.7,11240416.74,3058616.8000000003,40779449.11339154,200354311.1569,420712740840.0,914881987.403,35938747.4,0.588,7.839594707867368,38.5168665,80879.4,175.880355,6.909,2.1332230497598283,10.480780000000001,22008.0,47.8586,1.8800000000000001,139.7365092216363,293424.8304944644,638.0816790577232,25.06537083467798,1441631.289,3134.971610675,123.14916500000001,6582950.430000001,258594.0,562.33855,81.9
1.0,7254072.0,3.7,0.2,0.453167660377614,23.77966,2001.0,129.9657,56.2,26840066.400000002,1450814.4000000001,3287310.8364507593,172499365.77552,14515398072.0,942780545.3304,407678846.40000004,0.7400000000000001,1.676720343397172,87.984742,7403.700000000001,480.87309,207.94000000000003,0.09063353207552281,4.7559320000000005,400.20000000000005,25.99314,11.240000000000002,10.776172886775132,906.7884884156057,58.89625219833887,25.46802251322191,47583.09966,3090.5401576619997,1336.416892,260061.3657,112456.20000000001,7304.072340000001,69.5
1.0,42844744.0,5.54,5.8,0.1546729954758719,22.47792,2030.0,130.8328,72.4,237359881.76,248499515.2,6626924.89487689,963060728.0524801,86974830320.0,5605497822.8032,3101959465.6000004,32.132,0.8568883949363304,124.52767680000001,11246.2,724.813712,401.09600000000006,0.897103373760057,130.371936,11774.0,758.8302399999999,419.92,3.4767272184670106,313.98618081601995,20.236301082495654,11.198324872453126,45630.1776,2940.8492117759997,1627.4014080000002,265590.584,146972.0,9472.29472,59.7
1.0,66453255.0,1.48,1.3,3.83510188812475,23.00803,12216.0,120.4969,15.6,98350817.4,86389231.5,254855003.7225355,1528958484.63765,811792963080.0,8007411222.4095,1036670778.0,1.924,5.67595079442463,34.0518844,18079.68,178.335412,23.088,4.985632454562175,29.910439000000004,15880.800000000001,156.64597,20.28,88.2381392950309,46849.60466533195,462.1178887031792,59.8275894547461,281066.09448,2772.396290107,358.925268,1471990.1304,190569.6,1879.75164,74.1
1.0,6052937.0,4.88,3.2,0.2519833373637969,21.87875,1219.0,131.0248,96.4,29538332.56,19369398.400000002,1525239.2661128088,132430695.38875,7378530203.0,793084859.8376,583503126.8000001,15.616,1.2296786863353288,106.7683,5948.72,639.401024,470.432,0.8063466795641502,70.012,3900.8,419.27936,308.48,5.513080442348172,307.16768824646846,33.01606638142402,24.291193721870023,26670.19625,2866.658843,2109.1115,159719.2312,117511.6,12630.79072,60.0
1.0,1315372.0,1.8,1.5,31.9577172737108,26.396690000000003,30875.0,124.9939,24.9,2367669.6,1973058.0,42036286.48575552,34721466.918680005,40612110500.0,164413476.2308,32752762.799999997,2.7,57.52389109267944,47.514042,55575.0,224.98902,44.82,47.9365759105662,39.595035,46312.5,187.49085,37.349999999999994,843.5779559817892,986694.5208258209,3994.5197171384802,795.7471601153989,814997.8037500001,3299.425230191,657.277581,3859186.6625,768787.5,3112.34811,71.3
1.0,10408091.0,2.04,0.06,2.44066947552979,25.15699,9938.0,128.6291,19.4,21232505.64,624485.46,25402710.00223633,261836241.20609,103435608358.0,1338783378.0481,201916965.39999998,0.1224,4.9789657300807715,51.3202596,20273.52,262.403364,39.576,0.1464401685317874,1.5094194,596.28,7.717745999999999,1.164,61.39989758920817,24255.373247815052,313.9411180348689,47.34898782527792,250010.16662,3235.920982409,488.04560599999996,1278315.9958,192797.19999999998,2495.4045399999995,76.5
1.0,70344357.0,2.15,0.06,4.0219025893496205,26.70371,16454.0,124.0675,22.2,151240367.54999998,4220661.42,282918151.5644341,1878455309.4644701,1157446050078.0,8727448512.0975,1561644725.3999999,0.129,8.647090567101683,57.4129765,35376.1,266.745125,47.73,0.24131415536097722,1.6022226,987.24,7.44405,1.3319999999999999,107.39972039424136,66176.38520515866,498.98739950413403,89.28623748356158,439382.84434,3313.062540425,592.822362,2041406.645,365278.8,2754.2985,75.1
1.0,31014427.0,6.34,6.4,0.100852839348851,22.35833,1437.0,134.5204,89.3,196631467.18,198492332.8,3127893.023727667,693430793.62691,44567731599.0,4172073125.8108,2769588331.1,40.576,0.6394070014717154,141.7518122,9110.58,852.859336,566.1619999999999,0.6454581718326464,143.093312,9196.800000000001,860.93056,571.52,2.2549010635985955,144.9255301442989,13.566764290343176,9.006158553852394,32128.920209999997,3007.651494932,1996.598869,193305.8148,128324.09999999999,12012.671719999998,57.2
1.0,46028476.0,1.38,1.1,7.03235907972496,25.42379,8762.0,131.4962,12.9,63519296.879999995,50631323.6,323688771.1245024,1170218307.84404,403301506712.0,6052569685.7912,593767340.4,1.518,9.704655530020444,35.0848302,12091.56,181.46475599999997,17.802,7.735594987697457,27.966169000000004,9638.2,144.64582,14.190000000000001,178.78922044752065,61617.530256550104,924.7284960193292,90.71743212845199,222763.24798000001,3343.1317745979995,327.96689100000003,1152169.7044,113029.8,1696.30098,68.2
1.0,61689620.0,1.87,0.2,8.52646681764135,27.39249,37739.0,124.0845,5.6,115359589.4,12337924.0,525994497.92290413,1689832298.9538,2328104569180.0,7654725652.89,345461872.0,0.37400000000000005,15.944492948989325,51.2239563,70571.93000000001,232.03801500000003,10.472,1.7052933635282699,5.478498,7547.8,24.816900000000004,1.1199999999999999,233.56115703757249,321780.3312309669,1058.002371833618,47.74821417879156,1033765.18011,3398.983425405,153.397944,4682824.9455,211338.4,694.8732,79.5
1.0,304473143.0,2.07,0.6,18.5459916953635,28.45698,50384.0,118.4777,7.7,630259406.01,182683885.79999998,5646756381.539224,8664386140.88814,15340574836912.0,36073277694.4111,2344443201.1,1.2419999999999998,38.390202809402446,58.905948599999995,104294.87999999999,245.24883899999998,15.938999999999998,11.1275950172181,17.074188,30230.399999999998,71.08662,4.62,527.7629147551253,934421.2455791946,2197.286440285768,142.80413605429897,1433776.48032,3371.517539346,219.11874600000002,5969380.4368,387956.8,912.27829,78.2
1.0,3350832.0,2.11,0.5,2.4897635471798303,26.39123,15317.0,124.2604,13.0,7070255.52,1675416.0,8342779.366323685,88432578.00336,51324693744.0,416375724.6528,43560816.0,1.055,5.253401084549441,55.6854953,32318.87,262.189444,27.43,1.2448817735899151,13.195615,7658.5,62.1302,6.5,65.70792241923876,38135.70825215346,309.3790142779846,32.3669261133378,404234.46991,3279.384796292,343.08599,1903296.5468000001,199121.0,1615.3852000000002,76.0
1.0,26952719.0,2.46,0.1,4.47666901860092,25.32054,3733.0,124.3462,49.2,66303688.74,2695271.9000000004,120658402.11435637,682457399.54826,100614500027.0,3351468187.3178,1326073774.8000002,0.246,11.012605785758263,62.288528400000004,9183.18,305.89165199999997,121.03200000000001,0.44766690186009206,2.5320540000000005,373.3,12.43462,4.920000000000001,113.35167695224534,16711.405446437235,556.6567811207537,220.25211571516527,94521.57582,3148.512930948,1245.7705680000001,464184.3646,183663.6,6117.83304,68.7
1.0,86589342.0,1.86,0.4,1.47934657540447,20.9163,4085.0,121.9367,26.2,161056176.12,34635736.800000004,128095646.55422643,1811128654.0746,353717462070.0,10558418618.6514,2268640760.4,0.7440000000000001,2.751584630252314,38.904318,7598.1,226.802262,48.732,0.591738630161788,8.36652,1634.0,48.774680000000004,10.48,30.942456775132513,6043.13076052726,180.38663956112222,38.75888027559711,85443.0855,2550.46459821,548.00706,498111.4195,107027.0,3194.74154,75.4
1.0,13114579.0,5.88,13.6,0.1489815135832469,20.68321,3039.0,132.4493,94.9,77113724.52,178358274.4,1953829.8294270646,271251591.51859,39855205581.0,1737016808.3446999,1244573547.1000001,79.968,0.8760112998694918,121.61727479999999,17869.32,778.801884,558.0120000000001,2.026148584732158,281.291656,41330.4,1801.3104799999999,1290.64,3.081415931560148,452.7548197794873,19.73249718704154,14.138345639050133,62856.27519,2739.4766862529996,1962.8366290000001,402513.4227,288401.10000000003,12569.43857,52.0
1.0,13495462.0,3.85,15.1,0.6543231897712061,22.0266,1286.0,131.9745,98.3,51957528.7,203781476.2,8830393.7432761,297259143.2892,17355164132.0,1781056849.719,1326603914.6,58.135,2.5191442806191433,84.80241,4951.1,508.101825,378.455,9.880280165545212,332.60166,19418.6,1992.81495,1484.33,14.412515171814446,841.459622045771,86.35397580846004,64.31996955450956,28326.207599999998,2906.9495217,2165.21478,169719.207,126413.8,12973.093350000001,49.0
