﻿Continent;Country Code
Asia;AFG
Europe;ALB
Africa;DZA
Oceania;ASM
Europe;AND
Africa;AGO
Americas;AIA
Americas;ATG
Americas;ARG
Asia;ARM
Americas;ABW
Oceania;AUS
Europe;AUT
Asia;AZE
Americas;BHS
Asia;BHR
Asia;BGD
Americas;BRB
Europe;BLR
Europe;BEL
Americas;BLZ
Africa;BEN
Americas;BMU
Asia;BTN
Americas;BOL
Europe;BIH
Africa;BWA
Americas;BRA
Americas;VGB
Asia;BRN
Europe;BGR
Africa;BFA
Africa;BDI
Asia;KHM
Africa;CMR
Americas;CAN
Africa;CPV
Americas;CYM
Africa;CAF
Africa;TCD
Americas;CHL
Asia;CHN
Asia;CXR
Asia;CCK
Americas;COL
Africa;COM
Africa;COG
Oceania;COK
Americas;CRI
Africa;CIV
Europe;HRV
Americas;CUB
Asia;CYP
Europe;CZE
Europe;DNK
Africa;DJI
Americas;DMA
Americas;DOM
Americas;ECU
Africa;EGY
Americas;SLV
Africa;GNQ
Africa;ERI
Europe;EST
Africa;ETH
Americas;FLK
Europe;FRO
Oceania;FJI
Europe;FIN
Europe;FRA
Americas;GUF
Oceania;PYF
Africa;GAB
Africa;GMB
Asia;GEO
Europe;DEU
Africa;GHA
Europe;GIB
Europe;GRC
Americas;GRL
Americas;GRD
Americas;GLP
Oceania;GUM
Americas;GTM
Europe;--
Africa;GIN
Africa;GNB
Americas;GUY
Americas;HTI
Europe;VAT
Americas;HND
Europe;HUN
Europe;ISL
Asia;IND
Asia;IDN
Asia;IRN
Asia;IRQ
Europe;IRL
Asia;ISR
Europe;ITA
Americas;JAM
Europe;--
Asia;JPN
Europe;--
Asia;JOR
Asia;KAZ
Africa;KEN
Oceania;KIR
Asia;PRK
Asia;KOR
Asia;KWT
Asia;KGZ
Asia;LAO
Europe;LVA
Asia;LBN
Africa;LSO
Africa;LBR
Africa;LBY
Europe;LIE
Europe;LTU
Europe;LUX
Europe;MKD
Africa;MDG
Africa;MWI
Asia;MYS
Asia;MDV
Africa;MLI
Europe;MLT
Europe;--
Oceania;MHL
Americas;MTQ
Africa;MRT
Africa;MUS
Africa;MYT
Americas;MEX
Oceania;FSM
Europe;MDA
Europe;MCO
Asia;MNG
Americas;MSR
Africa;MAR
Africa;MOZ
Asia;MMR
Africa;NAM
Oceania;NRU
Asia;NPL
Europe;NLD
Americas;ANT
Oceania;NCL
Oceania;NZL
Americas;NIC
Africa;NER
Africa;NGA
Oceania;NIU
Oceania;NFK
Oceania;MNP
Europe;NOR
Asia;OMN
Asia;PAK
Oceania;PLW
Asia;--
Americas;PAN
Oceania;PNG
Americas;PRY
Americas;PER
Asia;PHL
Oceania;PCN
Europe;POL
Europe;PRT
Americas;PRI
Asia;QAT
Africa;REU
Europe;ROM
Asia;RUS
Africa;RWA
Americas;KNA
Americas;LCA
Americas;SPM
Americas;VCT
Europe;SMR
Africa;STP
Asia;SAU
Africa;SEN
Europe;--
Africa;SYC
Africa;SLE
Asia;SGP
Europe;SVK
Europe;SVN
Oceania;SLB
Africa;SOM
Africa;ZAF
Europe;ESP
Asia;LKA
Africa;SDN
Americas;SUR
Europe;SJM
Africa;SWZ
Europe;SWE
Europe;CHE
Asia;SYR
Asia;TWN
Asia;TJK
Africa;TZA
Asia;THA
Africa;TGO
Oceania;TKL
Oceania;TON
Americas;TTO
Africa;TUN
Asia;TUR
Asia;TKM
Americas;TCA
Oceania;TUV
Africa;UGA
Europe;UKR
Asia;ARE
Europe;GBR
Americas;USA
Americas;URY
Asia;UZB
Oceania;VUT
Americas;VEN
Asia;VNM
Americas;VIR
Oceania;WLF
Africa;ESH
Oceania;WSM
Asia;YEM
Africa;ZAR
Africa;ZWB
Africa;ZWE
