﻿Continent;Country Code
asia;AFG
europe;ALB
africa;DZA
oceania;ASM
europe;AND
africa;AGO
north america;AIA
north america;ATG
south america;ARG
asia;ARM
north america;ABW
oceania;AUS
europe;AUT
asia;AZE
north america;BHS
asia;BHR
asia;BGD
north america;BRB
europe;BLR
europe;BEL
north america;BLZ
africa;BEN
north america;BMU
asia;BTN
south america;BOL
europe;BIH
africa;BWA
south america;BRA
north america;VGB
asia;BRN
europe;BGR
africa;BFA
africa;BDI
asia;KHM
africa;CMR
north america;CAN
africa;CPV
north america;CYM
africa;CAF
africa;TCD
south america;CHL
asia;CHN
asia;CXR
asia;CCK
south america;COL
africa;COM
africa;COG
oceania;COK
north america;CRI
africa;CIV
europe;HRV
north america;CUB
asia;CYP
europe;CZE
europe;DNK
africa;DJI
north america;DMA
north america;DOM
south america;ECU
africa;EGY
north america;SLV
africa;GNQ
africa;ERI
europe;EST
africa;ETH
north america;FLK
europe;FRO
oceania;FJI
europe;FIN
europe;FRA
north america;GUF
oceania;PYF
africa;GAB
africa;GMB
asia;GEO
europe;DEU
africa;GHA
europe;GIB
europe;GRC
north america;GRL
north america;GRD
north america;GLP
oceania;GUM
north america;GTM
europe;--
africa;GIN
africa;GNB
south america;GUY
north america;HTI
europe;VAT
north america;HND
europe;HUN
europe;ISL
asia;IND
asia;IDN
asia;IRN
asia;IRQ
europe;IRL
asia;ISR
europe;ITA
north america;JAM
europe;--
asia;JPN
europe;--
asia;JOR
asia;KAZ
africa;KEN
oceania;KIR
asia;PRK
asia;KOR
asia;KWT
asia;KGZ
asia;LAO
europe;LVA
asia;LBN
africa;LSO
africa;LBR
africa;LBY
europe;LIE
europe;LTU
europe;LUX
europe;MKD
africa;MDG
africa;MWI
asia;MYS
asia;MDV
africa;MLI
europe;MLT
europe;--
oceania;MHL
north america;MTQ
africa;MRT
africa;MUS
africa;MYT
north america;MEX
oceania;FSM
europe;MDA
europe;MCO
asia;MNG
north america;MSR
africa;MAR
africa;MOZ
asia;MMR
africa;NAM
oceania;NRU
asia;NPL
europe;NLD
north america;ANT
oceania;NCL
oceania;NZL
north america;NIC
africa;NER
africa;NGA
oceania;NIU
oceania;NFK
oceania;MNP
europe;NOR
asia;OMN
asia;PAK
oceania;PLW
asia;--
north america;PAN
oceania;PNG
south america;PRY
south america;PER
asia;PHL
oceania;PCN
europe;POL
europe;PRT
north america;PRI
asia;QAT
africa;REU
europe;ROM
asia;RUS
africa;RWA
north america;KNA
north america;LCA
north america;SPM
north america;VCT
europe;SMR
africa;STP
asia;SAU
africa;SEN
europe;--
africa;SYC
africa;SLE
asia;SGP
europe;SVK
europe;SVN
oceania;SLB
africa;SOM
africa;ZAF
europe;ESP
asia;LKA
africa;SDN
south america;SUR
europe;SJM
africa;SWZ
europe;SWE
europe;CHE
asia;SYR
asia;TWN
asia;TJK
africa;TZA
asia;THA
africa;TGO
oceania;TKL
oceania;TON
north america;TTO
africa;TUN
asia;TUR
asia;TKM
north america;TCA
oceania;TUV
africa;UGA
europe;UKR
asia;ARE
europe;GBR
north america;USA
south america;URY
asia;UZB
oceania;VUT
south america;VEN
asia;VNM
north america;VIR
oceania;WLF
africa;ESH
oceania;WSM
asia;YEM
africa;ZAR
africa;ZWB
africa;ZWE
africa;COD
south america;CUW
asia;HKG
asia;MAC
europe;MNE
asia;PSE
europe;ROU
europe;SRB
africa;SSD
north america;SXM
europe;XXK
africa;ZMB
